date,gar_1_name, gar_1_permit_openspaces, gar_1_permit_open_perc, gar_1_public_openspaces, gar_1_public_open_perc, gar_2_name, gar_2_permit_openspaces, gar_2_permit_open_perc, gar_2_public_openspaces, gar_2_public_open_perc, gar_3_name, gar_3_permit_openspaces, gar_3_permit_open_perc, gar_3_public_openspaces, gar_3_public_open_perc, gar_4_name, gar_4_permit_openspaces, gar_4_permit_open_perc, gar_4_public_openspaces, gar_4_public_open_perc,gar_5_name, gar_5_permit_openspaces, gar_5_permit_open_perc, gar_5_public_openspaces, gar_5_public_open_perc
2021-07-07T05:59:02-04:00,South Garage,414,0.96,143,0.95,Prospect Garage,116,0.77,96,0.96,West Garage,436,0.96,87,0.87,Central Garage,607,0.98,198,0.99,East Garage,287,0.99,40,0.8
2021-07-07T06:12:02-04:00,South Garage,414,0.96,143,0.95,Prospect Garage,116,0.77,96,0.96,West Garage,436,0.96,87,0.87,Central Garage,608,0.98,198,0.99,East Garage,286,0.99,40,0.8
2021-07-07T06:28:52-04:00,South Garage,414,0.96,143,0.95,Prospect Garage,117,0.77,94,0.94,West Garage,437,0.96,87,0.87,Central Garage,606,0.98,198,0.99,East Garage,285,0.98,40,0.8
2021-07-07T06:44:52-04:00,South Garage,414,0.96,143,0.95,Prospect Garage,118,0.78,94,0.94,West Garage,437,0.96,87,0.87,Central Garage,605,0.98,198,0.99,East Garage,285,0.98,40,0.8
2021-07-07T06:59:32-04:00,South Garage,414,0.96,143,0.95,Prospect Garage,114,0.75,94,0.94,West Garage,437,0.96,87,0.87,Central Garage,598,0.96,196,0.98,East Garage,282,0.97,39,0.78
2021-07-07T07:14:32-04:00,South Garage,413,0.96,144,0.96,Prospect Garage,112,0.74,95,0.95,West Garage,437,0.96,87,0.87,Central Garage,592,0.95,196,0.98,East Garage,282,0.97,39,0.78
2021-07-07T07:29:22-04:00,South Garage,413,0.96,143,0.95,Prospect Garage,108,0.72,93,0.93,West Garage,438,0.96,85,0.85,Central Garage,587,0.95,196,0.98,East Garage,280,0.97,47,0.94
2021-07-07T07:44:42-04:00,South Garage,408,0.95,141,0.94,Prospect Garage,107,0.71,93,0.93,West Garage,437,0.96,84,0.84,Central Garage,586,0.95,195,0.97,East Garage,275,0.95,46,0.92
2021-07-07T07:59:44-04:00,South Garage,405,0.94,139,0.93,Prospect Garage,104,0.69,92,0.92,West Garage,435,0.96,84,0.84,Central Garage,571,0.92,194,0.97,East Garage,264,0.91,43,0.86
2021-07-07T08:14:44-04:00,South Garage,400,0.93,136,0.91,Prospect Garage,95,0.63,91,0.91,West Garage,431,0.95,84,0.84,Central Garage,569,0.92,193,0.96,East Garage,256,0.88,41,0.82
2021-07-07T08:45:14-04:00,South Garage,392,0.91,133,0.89,Prospect Garage,88,0.58,91,0.91,West Garage,429,0.94,81,0.81,Central Garage,557,0.9,191,0.95,East Garage,244,0.84,39,0.78
2021-07-07T08:59:44-04:00,South Garage,390,0.91,128,0.85,Prospect Garage,89,0.59,90,0.9,West Garage,422,0.93,81,0.81,Central Garage,553,0.89,191,0.95,East Garage,240,0.83,37,0.74
2021-07-07T09:15:04-04:00,South Garage,388,0.9,127,0.85,Prospect Garage,89,0.59,89,0.89,West Garage,422,0.93,81,0.81,Central Garage,546,0.88,191,0.95,East Garage,236,0.81,38,0.76
2021-07-07T09:29:34-04:00,South Garage,387,0.9,126,0.84,Prospect Garage,87,0.58,88,0.88,West Garage,422,0.93,80,0.8,Central Garage,546,0.88,190,0.95,East Garage,229,0.79,32,0.64
2021-07-07T09:43:54-04:00,South Garage,387,0.9,127,0.85,Prospect Garage,88,0.58,84,0.84,West Garage,424,0.93,79,0.79,Central Garage,542,0.87,189,0.94,East Garage,225,0.78,31,0.62
2021-07-07T09:59:54-04:00,South Garage,386,0.9,126,0.84,Prospect Garage,88,0.58,82,0.82,West Garage,426,0.94,77,0.77,Central Garage,538,0.87,186,0.93,East Garage,223,0.77,32,0.64
2021-07-07T10:14:44-04:00,South Garage,386,0.9,124,0.83,Prospect Garage,87,0.58,81,0.81,West Garage,425,0.93,77,0.77,Central Garage,537,0.87,186,0.93,East Garage,219,0.76,32,0.64
2021-07-07T10:29:04-04:00,South Garage,386,0.9,124,0.83,Prospect Garage,87,0.58,81,0.81,West Garage,422,0.93,76,0.76,Central Garage,534,0.86,182,0.91,East Garage,215,0.74,32,0.64
2021-07-07T10:45:00-04:00,South Garage,385,0.9,125,0.83,Prospect Garage,87,0.58,80,0.8,West Garage,423,0.93,76,0.76,Central Garage,532,0.86,181,0.91,East Garage,219,0.76,35,0.7
2021-07-07T11:44:24-04:00,South Garage,381,0.89,127,0.85,Prospect Garage,86,0.57,81,0.81,West Garage,424,0.93,76,0.76,Central Garage,530,0.85,178,0.89,East Garage,202,0.7,35,0.7
2021-07-07T11:59:54-04:00,South Garage,380,0.88,126,0.84,Prospect Garage,88,0.58,80,0.8,West Garage,424,0.93,76,0.76,Central Garage,527,0.85,178,0.89,East Garage,198,0.68,34,0.68
2021-07-07T12:14:24-04:00,South Garage,379,0.88,128,0.85,Prospect Garage,87,0.58,79,0.79,West Garage,425,0.93,76,0.76,Central Garage,532,0.86,179,0.9,East Garage,197,0.68,35,0.7
2021-07-07T12:29:44-04:00,South Garage,380,0.88,127,0.85,Prospect Garage,87,0.58,79,0.79,West Garage,423,0.93,76,0.76,Central Garage,531,0.86,180,0.9,East Garage,196,0.68,31,0.62
2021-07-07T12:42:54-04:00,South Garage,378,0.88,128,0.85,Prospect Garage,89,0.59,78,0.78,West Garage,422,0.93,77,0.77,Central Garage,531,0.86,179,0.9,East Garage,194,0.67,31,0.62
2021-07-07T12:59:24-04:00,South Garage,378,0.88,128,0.85,Prospect Garage,89,0.59,77,0.77,West Garage,421,0.93,75,0.75,Central Garage,531,0.86,180,0.9,East Garage,194,0.67,31,0.62
2021-07-07T13:14:34-04:00,South Garage,379,0.88,129,0.86,Prospect Garage,89,0.59,78,0.78,West Garage,420,0.92,75,0.75,Central Garage,528,0.85,179,0.9,East Garage,194,0.67,32,0.64
2021-07-07T13:28:54-04:00,South Garage,379,0.88,130,0.87,Prospect Garage,89,0.59,78,0.78,West Garage,421,0.93,74,0.74,Central Garage,526,0.85,179,0.9,East Garage,194,0.67,32,0.64
2021-07-07T13:44:54-04:00,South Garage,379,0.88,130,0.87,Prospect Garage,89,0.59,78,0.78,West Garage,425,0.93,74,0.74,Central Garage,529,0.85,180,0.9,East Garage,193,0.67,32,0.64
2021-07-07T13:00:24-04:00,South Garage,381,0.89,130,0.87,Prospect Garage,88,0.58,78,0.78,West Garage,424,0.93,73,0.73,Central Garage,529,0.85,180,0.9,East Garage,196,0.68,28,0.56
2021-07-07T14:15:04-04:00,South Garage,384,0.89,131,0.87,Prospect Garage,88,0.58,76,0.76,West Garage,424,0.93,74,0.74,Central Garage,531,0.86,181,0.91,East Garage,198,0.68,30,0.6
2021-07-07T14:29:44-04:00,South Garage,387,0.9,131,0.87,Prospect Garage,89,0.59,77,0.77,West Garage,426,0.94,73,0.73,Central Garage,536,0.86,180,0.9,East Garage,204,0.7,28,0.56
2021-07-07T14:43:04-04:00,South Garage,386,0.9,132,0.88,Prospect Garage,91,0.6,77,0.77,West Garage,425,0.93,73,0.73,Central Garage,535,0.86,180,0.9,East Garage,208,0.72,29,0.58
2021-07-07T14:00:24-04:00,South Garage,389,0.9,133,0.89,Prospect Garage,89,0.59,80,0.8,West Garage,426,0.94,74,0.74,Central Garage,536,0.86,180,0.9,East Garage,223,0.77,32,0.64
2021-07-07T15:15:04-04:00,South Garage,393,0.91,133,0.89,Prospect Garage,88,0.58,81,0.81,West Garage,428,0.94,74,0.74,Central Garage,538,0.87,182,0.91,East Garage,231,0.8,33,0.66
2021-07-07T15:28:34-04:00,South Garage,397,0.92,134,0.89,Prospect Garage,89,0.59,82,0.82,West Garage,428,0.94,74,0.74,Central Garage,539,0.87,184,0.92,East Garage,234,0.81,35,0.7
2021-07-07T15:44:04-04:00,South Garage,398,0.93,133,0.89,Prospect Garage,89,0.59,83,0.83,West Garage,430,0.95,74,0.74,Central Garage,540,0.87,183,0.92,East Garage,235,0.81,35,0.7
2021-07-07T15:00:44-04:00,South Garage,401,0.93,143,0.95,Prospect Garage,89,0.59,88,0.88,West Garage,430,0.95,76,0.76,Central Garage,544,0.88,183,0.92,East Garage,237,0.82,36,0.72
2021-07-07T16:14:44-04:00,South Garage,402,0.93,143,0.95,Prospect Garage,92,0.61,89,0.89,West Garage,431,0.95,76,0.76,Central Garage,545,0.88,185,0.93,East Garage,240,0.83,37,0.74
2021-07-07T16:30:14-04:00,South Garage,404,0.94,145,0.97,Prospect Garage,97,0.64,91,0.91,West Garage,430,0.95,75,0.75,Central Garage,550,0.89,188,0.94,East Garage,247,0.85,40,0.8
2021-07-07T16:42:54-04:00,South Garage,405,0.94,146,0.97,Prospect Garage,99,0.66,91,0.91,West Garage,430,0.95,77,0.77,Central Garage,557,0.9,189,0.94,East Garage,254,0.88,40,0.8
2021-07-07T16:57:34-04:00,South Garage,406,0.94,146,0.97,Prospect Garage,102,0.68,91,0.91,West Garage,431,0.95,80,0.8,Central Garage,564,0.91,189,0.94,East Garage,260,0.9,41,0.82
2021-07-07T17:12:34-04:00,South Garage,410,0.95,147,0.98,Prospect Garage,109,0.72,91,0.91,West Garage,438,0.96,81,0.81,Central Garage,575,0.93,191,0.95,East Garage,266,0.92,41,0.82
2021-07-07T17:28:44-04:00,South Garage,410,0.95,147,0.98,Prospect Garage,116,0.77,92,0.92,West Garage,438,0.96,78,0.78,Central Garage,580,0.94,191,0.95,East Garage,265,0.91,43,0.86
2021-07-07T17:43:44-04:00,South Garage,413,0.96,145,0.97,Prospect Garage,117,0.77,92,0.92,West Garage,441,0.97,78,0.78,Central Garage,583,0.94,190,0.95,East Garage,270,0.93,44,0.88
2021-07-07T17:55:54-04:00,South Garage,415,0.97,145,0.97,Prospect Garage,119,0.79,92,0.92,West Garage,442,0.97,78,0.78,Central Garage,584,0.94,193,0.96,East Garage,272,0.94,43,0.86
2021-07-07T18:13:44-04:00,South Garage,416,0.97,145,0.97,Prospect Garage,119,0.79,92,0.92,West Garage,441,0.97,78,0.78,Central Garage,591,0.95,193,0.96,East Garage,276,0.95,43,0.86
2021-07-07T18:28:54-04:00,South Garage,417,0.97,145,0.97,Prospect Garage,119,0.79,92,0.92,West Garage,443,0.97,79,0.79,Central Garage,595,0.96,192,0.96,East Garage,278,0.96,43,0.86
2021-07-07T18:42:54-04:00,South Garage,417,0.97,145,0.97,Prospect Garage,120,0.79,92,0.92,West Garage,444,0.98,79,0.79,Central Garage,600,0.97,193,0.96,East Garage,278,0.96,43,0.86
2021-07-07T18:58:14-04:00,South Garage,417,0.97,145,0.97,Prospect Garage,121,0.8,92,0.92,West Garage,443,0.97,79,0.79,Central Garage,601,0.97,194,0.97,East Garage,280,0.97,45,0.9
2021-07-07T19:09:34-04:00,South Garage,419,0.97,145,0.97,Prospect Garage,121,0.8,92,0.92,West Garage,444,0.98,79,0.79,Central Garage,602,0.97,195,0.97,East Garage,282,0.97,45,0.9
2021-07-07T19:26:54-04:00,South Garage,419,0.97,145,0.97,Prospect Garage,121,0.8,92,0.92,West Garage,444,0.98,78,0.78,Central Garage,601,0.97,195,0.97,East Garage,283,0.98,46,0.92
2021-07-07T19:43:04-04:00,South Garage,419,0.97,145,0.97,Prospect Garage,121,0.8,92,0.92,West Garage,444,0.98,81,0.81,Central Garage,601,0.97,195,0.97,East Garage,282,0.97,47,0.94
2021-07-07T19:57:24-04:00,South Garage,421,0.98,145,0.97,Prospect Garage,121,0.8,92,0.92,West Garage,444,0.98,82,0.82,Central Garage,603,0.97,195,0.97,East Garage,284,0.98,47,0.94
2021-07-07T20:13:56-04:00,South Garage,423,0.98,145,0.97,Prospect Garage,120,0.79,92,0.92,West Garage,444,0.98,82,0.82,Central Garage,604,0.97,195,0.97,East Garage,284,0.98,48,0.96
2021-07-07T20:24:36-04:00,South Garage,422,0.98,145,0.97,Prospect Garage,120,0.79,92,0.92,West Garage,445,0.98,82,0.82,Central Garage,604,0.97,195,0.97,East Garage,284,0.98,48,0.96
2021-07-07T20:42:46-04:00,South Garage,423,0.98,146,0.97,Prospect Garage,120,0.79,92,0.92,West Garage,445,0.98,82,0.82,Central Garage,604,0.97,196,0.98,East Garage,285,0.98,48,0.96
2021-07-07T20:54:46-04:00,South Garage,423,0.98,146,0.97,Prospect Garage,120,0.79,92,0.92,West Garage,445,0.98,83,0.83,Central Garage,604,0.97,196,0.98,East Garage,285,0.98,48,0.96
2021-07-07T21:08:56-04:00,South Garage,423,0.98,146,0.97,Prospect Garage,120,0.79,92,0.92,West Garage,445,0.98,83,0.83,Central Garage,605,0.98,196,0.98,East Garage,286,0.99,48,0.96
2021-07-07T21:28:26-04:00,South Garage,421,0.98,147,0.98,Prospect Garage,120,0.79,93,0.93,West Garage,444,0.98,85,0.85,Central Garage,605,0.98,197,0.98,East Garage,286,0.99,48,0.96
2021-07-07T21:39:06-04:00,South Garage,420,0.98,147,0.98,Prospect Garage,121,0.8,93,0.93,West Garage,444,0.98,85,0.85,Central Garage,606,0.98,197,0.98,East Garage,286,0.99,48,0.96
2021-07-07T21:51:56-04:00,South Garage,421,0.98,147,0.98,Prospect Garage,121,0.8,93,0.93,West Garage,444,0.98,85,0.85,Central Garage,606,0.98,197,0.98,East Garage,285,0.98,48,0.96
2021-07-07T22:11:46-04:00,South Garage,419,0.97,146,0.97,Prospect Garage,121,0.8,93,0.93,West Garage,443,0.97,85,0.85,Central Garage,607,0.98,197,0.98,East Garage,288,0.99,48,0.96
2021-07-07T22:30:26-04:00,South Garage,418,0.97,146,0.97,Prospect Garage,122,0.81,93,0.93,West Garage,441,0.97,85,0.85,Central Garage,606,0.98,197,0.98,East Garage,288,0.99,48,0.96
2021-07-07T22:54:06-04:00,South Garage,418,0.97,146,0.97,Prospect Garage,122,0.81,93,0.93,West Garage,440,0.97,85,0.85,Central Garage,606,0.98,197,0.98,East Garage,289,1.0,48,0.96
2021-07-07T23:10:06-04:00,South Garage,418,0.97,146,0.97,Prospect Garage,121,0.8,93,0.93,West Garage,441,0.97,85,0.85,Central Garage,606,0.98,197,0.98,East Garage,289,1.0,48,0.96
2021-07-07T23:34:16-04:00,South Garage,418,0.97,146,0.97,Prospect Garage,121,0.8,93,0.93,West Garage,441,0.97,85,0.85,Central Garage,607,0.98,197,0.98,East Garage,289,1.0,48,0.96
2021-07-07T23:44:56-04:00,South Garage,418,0.97,146,0.97,Prospect Garage,119,0.79,93,0.93,West Garage,441,0.97,86,0.86,Central Garage,608,0.98,198,0.99,East Garage,289,1.0,48,0.96
2021-07-08T00:13:54-04:00,South Garage,417,0.97,146,0.97,Prospect Garage,119,0.79,93,0.93,West Garage,441,0.97,86,0.86,Central Garage,608,0.98,198,0.99,East Garage,288,0.99,48,0.96
2021-07-08T00:29:04-04:00,South Garage,417,0.97,147,0.98,Prospect Garage,119,0.79,93,0.93,West Garage,440,0.97,86,0.86,Central Garage,608,0.98,198,0.99,East Garage,288,0.99,48,0.96
2021-07-08T02:31:04-04:00,South Garage,416,0.97,147,0.98,Prospect Garage,119,0.79,93,0.93,West Garage,440,0.97,86,0.86,Central Garage,608,0.98,198,0.99,East Garage,288,0.99,48,0.96
2021-07-08T02:53:24-04:00,South Garage,416,0.97,147,0.98,Prospect Garage,119,0.79,93,0.93,West Garage,440,0.97,86,0.86,Central Garage,607,0.98,198,0.99,East Garage,287,0.99,48,0.96
2021-07-08T03:06:54-04:00,South Garage,416,0.97,147,0.98,Prospect Garage,118,0.78,93,0.93,West Garage,440,0.97,86,0.86,Central Garage,607,0.98,198,0.99,East Garage,287,0.99,48,0.96
2021-07-08T04:57:14-04:00,South Garage,416,0.97,147,0.98,Prospect Garage,118,0.78,93,0.93,West Garage,439,0.96,86,0.86,Central Garage,606,0.98,198,0.99,East Garage,286,0.99,48,0.96
2021-07-08T03:06:54-04:00,South Garage,416,0.97,147,0.98,Prospect Garage,118,0.78,93,0.93,West Garage,439,0.96,86,0.86,Central Garage,606,0.98,197,0.98,East Garage,286,0.99,48,0.96
2021-07-08T05:24:44-04:00,South Garage,415,0.97,147,0.98,Prospect Garage,119,0.79,93,0.93,West Garage,437,0.96,86,0.86,Central Garage,606,0.98,197,0.98,East Garage,286,0.99,48,0.96
2021-07-08T05:29:44-04:00,South Garage,415,0.97,147,0.98,Prospect Garage,119,0.79,93,0.93,West Garage,437,0.96,86,0.86,Central Garage,606,0.98,197,0.98,East Garage,285,0.98,48,0.96
2021-07-08T05:52:24-04:00,South Garage,414,0.96,147,0.98,Prospect Garage,119,0.79,93,0.93,West Garage,437,0.96,86,0.86,Central Garage,604,0.97,197,0.98,East Garage,285,0.98,48,0.96
2021-07-08T05:53:24-04:00,South Garage,414,0.96,147,0.98,Prospect Garage,119,0.79,93,0.93,West Garage,437,0.96,86,0.86,Central Garage,603,0.97,197,0.98,East Garage,285,0.98,48,0.96
2021-07-08T06:12:44-04:00,South Garage,415,0.97,147,0.98,Prospect Garage,120,0.79,93,0.93,West Garage,438,0.96,86,0.86,Central Garage,601,0.97,197,0.98,East Garage,284,0.98,48,0.96
2021-07-08T06:31:04-04:00,South Garage,415,0.97,147,0.98,Prospect Garage,119,0.79,92,0.92,West Garage,439,0.96,86,0.86,Central Garage,602,0.97,197,0.98,East Garage,282,0.97,48,0.96
2021-07-08T06:55:26-04:00,South Garage,416,0.97,146,0.97,Prospect Garage,118,0.78,92,0.92,West Garage,438,0.96,86,0.86,Central Garage,598,0.96,197,0.98,East Garage,283,0.98,48,0.96
2021-07-08T06:57:06-04:00,South Garage,416,0.97,146,0.97,Prospect Garage,118,0.78,92,0.92,West Garage,436,0.96,86,0.86,Central Garage,598,0.96,197,0.98,East Garage,283,0.98,48,0.96
2021-07-08T07:18:16-04:00,South Garage,414,0.96,147,0.98,Prospect Garage,112,0.74,92,0.92,West Garage,437,0.96,86,0.86,Central Garage,588,0.95,194,0.97,East Garage,279,0.96,48,0.96
2021-07-08T07:20:36-04:00,South Garage,414,0.96,147,0.98,Prospect Garage,111,0.74,92,0.92,West Garage,437,0.96,86,0.86,Central Garage,588,0.95,193,0.96,East Garage,279,0.96,48,0.96
2021-07-08T07:39:46-04:00,South Garage,412,0.96,146,0.97,Prospect Garage,111,0.74,91,0.91,West Garage,439,0.96,86,0.86,Central Garage,583,0.94,192,0.96,East Garage,276,0.95,48,0.96
2021-07-08T07:40:16-04:00,South Garage,411,0.96,146,0.97,Prospect Garage,111,0.74,91,0.91,West Garage,439,0.96,86,0.86,Central Garage,583,0.94,192,0.96,East Garage,276,0.95,48,0.96
2021-07-08T07:58:56-04:00,South Garage,407,0.95,146,0.97,Prospect Garage,105,0.7,90,0.9,West Garage,433,0.95,85,0.85,Central Garage,572,0.92,189,0.94,East Garage,271,0.93,47,0.94
2021-07-08T07:00:36-04:00,South Garage,406,0.94,146,0.97,Prospect Garage,104,0.69,90,0.9,West Garage,433,0.95,85,0.85,Central Garage,571,0.92,189,0.94,East Garage,271,0.93,47,0.94
2021-07-08T08:15:46-04:00,South Garage,404,0.94,145,0.97,Prospect Garage,98,0.65,89,0.89,West Garage,429,0.94,83,0.83,Central Garage,569,0.92,185,0.93,East Garage,267,0.92,46,0.92
2021-07-08T08:17:56-04:00,South Garage,404,0.94,145,0.97,Prospect Garage,97,0.64,89,0.89,West Garage,429,0.94,83,0.83,Central Garage,569,0.92,185,0.93,East Garage,264,0.91,46,0.92
2021-07-08T08:34:36-04:00,South Garage,401,0.93,142,0.95,Prospect Garage,94,0.62,88,0.88,West Garage,427,0.94,81,0.81,Central Garage,566,0.91,184,0.92,East Garage,257,0.89,45,0.9
2021-07-08T08:37:36-04:00,South Garage,401,0.93,142,0.95,Prospect Garage,93,0.62,88,0.88,West Garage,427,0.94,81,0.81,Central Garage,565,0.91,184,0.92,East Garage,256,0.88,44,0.88
2021-07-08T08:56:06-04:00,South Garage,397,0.92,133,0.89,Prospect Garage,94,0.62,88,0.88,West Garage,425,0.93,80,0.8,Central Garage,558,0.9,182,0.91,East Garage,250,0.86,43,0.86
2021-07-08T08:58:06-04:00,South Garage,395,0.92,132,0.88,Prospect Garage,93,0.62,88,0.88,West Garage,425,0.93,78,0.78,Central Garage,557,0.9,182,0.91,East Garage,249,0.86,43,0.86
2021-07-08T09:12:16-04:00,South Garage,390,0.91,131,0.87,Prospect Garage,92,0.61,88,0.88,West Garage,422,0.93,78,0.78,Central Garage,552,0.89,178,0.89,East Garage,244,0.84,40,0.8
2021-07-08T09:27:46-04:00,South Garage,390,0.91,130,0.87,Prospect Garage,91,0.6,85,0.85,West Garage,419,0.92,78,0.78,Central Garage,547,0.88,178,0.89,East Garage,238,0.82,39,0.78
2021-07-08T09:34:26-04:00,South Garage,390,0.91,130,0.87,Prospect Garage,90,0.6,85,0.85,West Garage,419,0.92,77,0.77,Central Garage,546,0.88,177,0.89,East Garage,237,0.82,37,0.74
2021-07-08T09:41:36-04:00,South Garage,389,0.9,129,0.86,Prospect Garage,91,0.6,84,0.84,West Garage,419,0.92,77,0.77,Central Garage,545,0.88,177,0.89,East Garage,236,0.81,36,0.72
2021-07-08T09:56:36-04:00,South Garage,388,0.9,127,0.85,Prospect Garage,91,0.6,82,0.82,West Garage,419,0.92,79,0.79,Central Garage,542,0.87,177,0.89,East Garage,232,0.8,33,0.66
2021-07-08T10:10:26-04:00,South Garage,387,0.9,127,0.85,Prospect Garage,93,0.62,81,0.81,West Garage,417,0.92,77,0.77,Central Garage,537,0.87,174,0.87,East Garage,226,0.78,32,0.64
2021-07-08T10:25:46-04:00,South Garage,387,0.9,127,0.85,Prospect Garage,92,0.61,80,0.8,West Garage,417,0.92,76,0.76,Central Garage,538,0.87,173,0.86,East Garage,224,0.77,30,0.6
2021-07-08T10:41:36-04:00,South Garage,386,0.9,128,0.85,Prospect Garage,92,0.61,79,0.79,West Garage,415,0.91,76,0.76,Central Garage,534,0.86,171,0.85,East Garage,222,0.77,30,0.6
2021-07-08T10:54:46-04:00,South Garage,384,0.89,128,0.85,Prospect Garage,92,0.61,78,0.78,West Garage,415,0.91,78,0.78,Central Garage,531,0.86,172,0.86,East Garage,221,0.76,31,0.62
2021-07-08T11:10:06-04:00,South Garage,385,0.9,128,0.85,Prospect Garage,90,0.6,78,0.78,West Garage,415,0.91,77,0.77,Central Garage,529,0.85,172,0.86,East Garage,221,0.76,32,0.64
2021-07-08T11:26:16-04:00,South Garage,385,0.9,128,0.85,Prospect Garage,91,0.6,79,0.79,West Garage,415,0.91,77,0.77,Central Garage,527,0.85,172,0.86,East Garage,221,0.76,31,0.62
2021-07-08T11:41:26-04:00,South Garage,383,0.89,129,0.86,Prospect Garage,92,0.61,77,0.77,West Garage,413,0.91,76,0.76,Central Garage,528,0.85,170,0.85,East Garage,221,0.76,32,0.64
2021-07-08T11:56:26-04:00,South Garage,387,0.9,130,0.87,Prospect Garage,93,0.62,75,0.75,West Garage,413,0.91,76,0.76,Central Garage,529,0.85,170,0.85,East Garage,221,0.76,32,0.64
2021-07-08T12:10:46-04:00,South Garage,388,0.9,131,0.87,Prospect Garage,92,0.61,75,0.75,West Garage,414,0.91,77,0.77,Central Garage,529,0.85,172,0.86,East Garage,222,0.77,32,0.64
2021-07-08T12:26:26-04:00,South Garage,387,0.9,131,0.87,Prospect Garage,92,0.61,75,0.75,West Garage,413,0.91,77,0.77,Central Garage,528,0.85,174,0.87,East Garage,220,0.76,32,0.64
2021-07-08T12:41:46-04:00,South Garage,389,0.9,130,0.87,Prospect Garage,91,0.6,73,0.73,West Garage,413,0.91,77,0.77,Central Garage,528,0.85,175,0.88,East Garage,221,0.76,32,0.64
2021-07-08T12:54:26-04:00,South Garage,393,0.91,129,0.86,Prospect Garage,91,0.6,73,0.73,West Garage,414,0.91,78,0.78,Central Garage,528,0.85,176,0.88,East Garage,221,0.76,29,0.58
2021-07-08T13:11:06-04:00,South Garage,392,0.91,129,0.86,Prospect Garage,90,0.6,74,0.74,West Garage,412,0.91,77,0.77,Central Garage,529,0.85,175,0.88,East Garage,222,0.77,29,0.58
2021-07-08T13:26:46-04:00,South Garage,393,0.91,130,0.87,Prospect Garage,90,0.6,76,0.76,West Garage,413,0.91,77,0.77,Central Garage,530,0.85,174,0.87,East Garage,221,0.76,29,0.58
2021-07-08T13:41:46-04:00,South Garage,395,0.92,130,0.87,Prospect Garage,90,0.6,76,0.76,West Garage,414,0.91,78,0.78,Central Garage,534,0.86,177,0.89,East Garage,221,0.76,29,0.58
2021-07-08T13:56:06-04:00,South Garage,395,0.92,130,0.87,Prospect Garage,90,0.6,76,0.76,West Garage,417,0.92,76,0.76,Central Garage,534,0.86,177,0.89,East Garage,220,0.76,33,0.66
2021-07-08T14:11:16-04:00,South Garage,395,0.92,131,0.87,Prospect Garage,92,0.61,77,0.77,West Garage,418,0.92,75,0.75,Central Garage,539,0.87,177,0.89,East Garage,224,0.77,36,0.72
2021-07-08T14:25:56-04:00,South Garage,395,0.92,132,0.88,Prospect Garage,91,0.6,76,0.76,West Garage,420,0.92,76,0.76,Central Garage,535,0.86,178,0.89,East Garage,225,0.78,37,0.74
2021-07-08T14:40:06-04:00,South Garage,395,0.92,132,0.88,Prospect Garage,92,0.61,76,0.76,West Garage,420,0.92,76,0.76,Central Garage,537,0.87,178,0.89,East Garage,228,0.79,34,0.68
2021-07-08T14:55:46-04:00,South Garage,396,0.92,133,0.89,Prospect Garage,93,0.62,75,0.75,West Garage,422,0.93,76,0.76,Central Garage,541,0.87,179,0.9,East Garage,230,0.79,34,0.68
2021-07-08T15:09:16-04:00,South Garage,394,0.92,133,0.89,Prospect Garage,93,0.62,75,0.75,West Garage,421,0.93,76,0.76,Central Garage,541,0.87,180,0.9,East Garage,233,0.8,34,0.68
2021-07-08T15:24:36-04:00,South Garage,395,0.92,133,0.89,Prospect Garage,94,0.62,76,0.76,West Garage,422,0.93,76,0.76,Central Garage,542,0.87,180,0.9,East Garage,233,0.8,37,0.74
2021-07-08T15:40:16-04:00,South Garage,395,0.92,133,0.89,Prospect Garage,94,0.62,79,0.79,West Garage,423,0.93,76,0.76,Central Garage,543,0.88,182,0.91,East Garage,239,0.82,39,0.78
2021-07-08T15:56:56-04:00,South Garage,396,0.92,144,0.96,Prospect Garage,94,0.62,81,0.81,West Garage,426,0.94,77,0.77,Central Garage,546,0.88,183,0.92,East Garage,238,0.82,40,0.8
2021-07-08T16:11:36-04:00,South Garage,396,0.92,144,0.96,Prospect Garage,98,0.65,83,0.83,West Garage,431,0.95,75,0.75,Central Garage,551,0.89,183,0.92,East Garage,241,0.83,39,0.78
2021-07-08T16:26:56-04:00,South Garage,400,0.93,145,0.97,Prospect Garage,100,0.66,84,0.84,West Garage,434,0.95,75,0.75,Central Garage,552,0.89,183,0.92,East Garage,246,0.85,39,0.78
2021-07-08T16:41:56-04:00,South Garage,402,0.93,144,0.96,Prospect Garage,104,0.69,84,0.84,West Garage,432,0.95,74,0.74,Central Garage,564,0.91,183,0.92,East Garage,249,0.86,40,0.8
2021-07-08T16:56:56-04:00,South Garage,404,0.94,140,0.93,Prospect Garage,109,0.72,85,0.85,West Garage,432,0.95,72,0.72,Central Garage,567,0.91,186,0.93,East Garage,257,0.89,38,0.76
2021-07-08T17:11:56-04:00,South Garage,409,0.95,140,0.93,Prospect Garage,115,0.76,86,0.86,West Garage,433,0.95,72,0.72,Central Garage,576,0.93,189,0.94,East Garage,271,0.93,37,0.74
2021-07-08T17:26:56-04:00,South Garage,411,0.96,141,0.94,Prospect Garage,118,0.78,87,0.87,West Garage,436,0.96,70,0.7,Central Garage,583,0.94,191,0.95,East Garage,274,0.94,35,0.7
2021-07-08T17:41:46-04:00,South Garage,411,0.96,141,0.94,Prospect Garage,123,0.81,86,0.86,West Garage,438,0.96,71,0.71,Central Garage,583,0.94,192,0.96,East Garage,274,0.94,33,0.66
2021-07-08T17:56:56-04:00,South Garage,415,0.97,141,0.94,Prospect Garage,124,0.82,88,0.88,West Garage,439,0.96,72,0.72,Central Garage,583,0.94,193,0.96,East Garage,277,0.96,33,0.66
2021-07-08T18:11:36-04:00,South Garage,419,0.97,140,0.93,Prospect Garage,126,0.83,88,0.88,West Garage,441,0.97,70,0.7,Central Garage,587,0.95,195,0.97,East Garage,277,0.96,33,0.66
2021-07-08T18:26:16-04:00,South Garage,420,0.98,140,0.93,Prospect Garage,126,0.83,89,0.89,West Garage,444,0.98,70,0.7,Central Garage,592,0.95,195,0.97,East Garage,278,0.96,34,0.68
2021-07-08T18:40:56-04:00,South Garage,420,0.98,140,0.93,Prospect Garage,126,0.83,89,0.89,West Garage,443,0.97,70,0.7,Central Garage,601,0.97,195,0.97,East Garage,277,0.96,34,0.68
2021-07-08T18:57:06-04:00,South Garage,417,0.97,139,0.93,Prospect Garage,127,0.84,90,0.9,West Garage,444,0.98,73,0.73,Central Garage,603,0.97,195,0.97,East Garage,278,0.96,34,0.68
2021-07-08T19:11:46-04:00,South Garage,418,0.97,138,0.92,Prospect Garage,127,0.84,90,0.9,West Garage,445,0.98,73,0.73,Central Garage,602,0.97,196,0.98,East Garage,279,0.96,34,0.68
2021-07-08T19:26:46-04:00,South Garage,418,0.97,138,0.92,Prospect Garage,127,0.84,90,0.9,West Garage,445,0.98,72,0.72,Central Garage,603,0.97,196,0.98,East Garage,280,0.97,37,0.74
2021-07-08T19:41:56-04:00,South Garage,418,0.97,139,0.93,Prospect Garage,127,0.84,90,0.9,West Garage,446,0.98,72,0.72,Central Garage,604,0.97,196,0.98,East Garage,280,0.97,38,0.76
2021-07-08T19:57:06-04:00,South Garage,419,0.97,143,0.95,Prospect Garage,126,0.83,90,0.9,West Garage,446,0.98,72,0.72,Central Garage,604,0.97,196,0.98,East Garage,280,0.97,37,0.74
2021-07-08T20:11:26-04:00,South Garage,420,0.98,144,0.96,Prospect Garage,127,0.84,90,0.9,West Garage,446,0.98,74,0.74,Central Garage,603,0.97,196,0.98,East Garage,280,0.97,38,0.76
2021-07-08T20:25:36-04:00,South Garage,422,0.98,144,0.96,Prospect Garage,128,0.85,90,0.9,West Garage,446,0.98,74,0.74,Central Garage,603,0.97,196,0.98,East Garage,282,0.97,40,0.8
2021-07-08T20:38:26-04:00,South Garage,421,0.98,144,0.96,Prospect Garage,128,0.85,90,0.9,West Garage,448,0.98,74,0.74,Central Garage,603,0.97,196,0.98,East Garage,283,0.98,40,0.8
2021-07-08T20:56:26-04:00,South Garage,423,0.98,144,0.96,Prospect Garage,128,0.85,90,0.9,West Garage,450,0.99,77,0.77,Central Garage,604,0.97,196,0.98,East Garage,285,0.98,43,0.86
2021-07-08T21:10:46-04:00,South Garage,422,0.98,144,0.96,Prospect Garage,127,0.84,90,0.9,West Garage,446,0.98,79,0.79,Central Garage,604,0.97,196,0.98,East Garage,285,0.98,43,0.86
2021-07-08T21:23:36-04:00,South Garage,422,0.98,144,0.96,Prospect Garage,126,0.83,90,0.9,West Garage,447,0.98,81,0.81,Central Garage,605,0.98,196,0.98,East Garage,285,0.98,44,0.88
2021-07-08T21:40:46-04:00,South Garage,421,0.98,144,0.96,Prospect Garage,125,0.83,90,0.9,West Garage,448,0.98,81,0.81,Central Garage,608,0.98,196,0.98,East Garage,286,0.99,44,0.88
2021-07-08T21:56:36-04:00,South Garage,418,0.97,144,0.96,Prospect Garage,125,0.83,90,0.9,West Garage,447,0.98,82,0.82,Central Garage,608,0.98,196,0.98,East Garage,286,0.99,46,0.92
2021-07-08T22:02:06-04:00,South Garage,418,0.97,144,0.96,Prospect Garage,124,0.82,90,0.9,West Garage,447,0.98,82,0.82,Central Garage,608,0.98,196,0.98,East Garage,287,0.99,48,0.96
2021-07-08T22:21:56-04:00,South Garage,418,0.97,144,0.96,Prospect Garage,124,0.82,90,0.9,West Garage,447,0.98,82,0.82,Central Garage,608,0.98,196,0.98,East Garage,287,0.99,48,0.96
2021-07-08T22:49:06-04:00,South Garage,418,0.97,145,0.97,Prospect Garage,125,0.83,90,0.9,West Garage,447,0.98,82,0.82,Central Garage,608,0.98,196,0.98,East Garage,288,0.99,48,0.96
2021-07-08T23:04:56-04:00,South Garage,418,0.97,147,0.98,Prospect Garage,125,0.83,90,0.9,West Garage,447,0.98,84,0.84,Central Garage,608,0.98,196,0.98,East Garage,288,0.99,48,0.96
2021-07-08T23:34:46-04:00,South Garage,418,0.97,146,0.97,Prospect Garage,123,0.81,90,0.9,West Garage,446,0.98,84,0.84,Central Garage,610,0.98,197,0.98,East Garage,288,0.99,48,0.96
2021-07-08T23:56:26-04:00,South Garage,417,0.97,146,0.97,Prospect Garage,121,0.8,90,0.9,West Garage,446,0.98,84,0.84,Central Garage,611,0.99,197,0.98,East Garage,288,0.99,48,0.96
2021-07-09T00:10:36-04:00,South Garage,416,0.97,146,0.97,Prospect Garage,121,0.8,90,0.9,West Garage,446,0.98,84,0.84,Central Garage,611,0.99,197,0.98,East Garage,288,0.99,48,0.96
2021-07-09T00:28:46-04:00,South Garage,416,0.97,145,0.97,Prospect Garage,122,0.81,90,0.9,West Garage,446,0.98,84,0.84,Central Garage,611,0.99,197,0.98,East Garage,288,0.99,48,0.96
2021-07-09T01:01:26-04:00,South Garage,416,0.97,145,0.97,Prospect Garage,122,0.81,90,0.9,West Garage,445,0.98,84,0.84,Central Garage,611,0.99,197,0.98,East Garage,288,0.99,48,0.96
2021-07-09T01:20:46-04:00,South Garage,415,0.97,145,0.97,Prospect Garage,122,0.81,90,0.9,West Garage,445,0.98,84,0.84,Central Garage,611,0.99,197,0.98,East Garage,288,0.99,48,0.96
2021-07-09T01:31:46-04:00,South Garage,415,0.97,145,0.97,Prospect Garage,122,0.81,90,0.9,West Garage,445,0.98,85,0.85,Central Garage,611,0.99,197,0.98,East Garage,288,0.99,48,0.96
2021-07-09T01:31:46-04:00,South Garage,415,0.97,145,0.97,Prospect Garage,122,0.81,90,0.9,West Garage,445,0.98,85,0.85,Central Garage,611,0.99,197,0.98,East Garage,288,0.99,48,0.96
2021-07-09T02:27:16-04:00,South Garage,415,0.97,145,0.97,Prospect Garage,122,0.81,90,0.9,West Garage,445,0.98,85,0.85,Central Garage,611,0.99,197,0.98,East Garage,288,0.99,48,0.96
2021-07-09T03:05:06-04:00,South Garage,415,0.97,145,0.97,Prospect Garage,122,0.81,90,0.9,West Garage,444,0.98,85,0.85,Central Garage,611,0.99,197,0.98,East Garage,287,0.99,48,0.96
2021-07-09T03:24:27-04:00,South Garage,414,0.96,145,0.97,Prospect Garage,122,0.81,90,0.9,West Garage,444,0.98,85,0.85,Central Garage,610,0.98,197,0.98,East Garage,286,0.99,48,0.96
2021-07-09T03:33:56-04:00,South Garage,415,0.97,145,0.97,Prospect Garage,122,0.81,90,0.9,West Garage,444,0.98,85,0.85,Central Garage,610,0.98,197,0.98,East Garage,287,0.99,48,0.96
2021-07-09T03:33:56-04:00,South Garage,415,0.97,145,0.97,Prospect Garage,122,0.81,90,0.9,West Garage,444,0.98,85,0.85,Central Garage,610,0.98,197,0.98,East Garage,287,0.99,48,0.96
2021-07-09T03:33:56-04:00,South Garage,415,0.97,145,0.97,Prospect Garage,122,0.81,90,0.9,West Garage,444,0.98,85,0.85,Central Garage,610,0.98,197,0.98,East Garage,287,0.99,48,0.96
2021-07-09T04:51:46-04:00,South Garage,415,0.97,145,0.97,Prospect Garage,122,0.81,90,0.9,West Garage,444,0.98,85,0.85,Central Garage,607,0.98,197,0.98,East Garage,286,0.99,48,0.96
2021-07-09T04:58:46-04:00,South Garage,414,0.96,145,0.97,Prospect Garage,122,0.81,90,0.9,West Garage,443,0.97,85,0.85,Central Garage,608,0.98,197,0.98,East Garage,286,0.99,48,0.96
2021-07-09T05:16:26-04:00,South Garage,414,0.96,144,0.96,Prospect Garage,121,0.8,90,0.9,West Garage,443,0.97,85,0.85,Central Garage,608,0.98,197,0.98,East Garage,286,0.99,48,0.96
2021-07-09T05:22:16-04:00,South Garage,413,0.96,144,0.96,Prospect Garage,121,0.8,90,0.9,West Garage,442,0.97,85,0.85,Central Garage,608,0.98,197,0.98,East Garage,285,0.98,48,0.96
2021-07-09T05:38:46-04:00,South Garage,412,0.96,144,0.96,Prospect Garage,121,0.8,90,0.9,West Garage,442,0.97,85,0.85,Central Garage,608,0.98,197,0.98,East Garage,283,0.98,48,0.96
2021-07-09T05:45:56-04:00,South Garage,413,0.96,144,0.96,Prospect Garage,121,0.8,90,0.9,West Garage,442,0.97,85,0.85,Central Garage,608,0.98,197,0.98,East Garage,283,0.98,48,0.96
2021-07-09T06:04:46-04:00,South Garage,414,0.96,144,0.96,Prospect Garage,122,0.81,90,0.9,West Garage,442,0.97,85,0.85,Central Garage,603,0.97,197,0.98,East Garage,283,0.98,48,0.96
2021-07-09T06:12:16-04:00,South Garage,414,0.96,144,0.96,Prospect Garage,122,0.81,90,0.9,West Garage,441,0.97,85,0.85,Central Garage,603,0.97,197,0.98,East Garage,282,0.97,48,0.96
2021-07-09T06:30:56-04:00,South Garage,414,0.96,144,0.96,Prospect Garage,121,0.8,90,0.9,West Garage,442,0.97,85,0.85,Central Garage,603,0.97,197,0.98,East Garage,278,0.96,48,0.96
2021-07-09T06:34:46-04:00,South Garage,414,0.96,144,0.96,Prospect Garage,121,0.8,90,0.9,West Garage,442,0.97,85,0.85,Central Garage,602,0.97,197,0.98,East Garage,278,0.96,48,0.96
2021-07-09T06:50:56-04:00,South Garage,415,0.97,144,0.96,Prospect Garage,123,0.81,90,0.9,West Garage,442,0.97,85,0.85,Central Garage,599,0.97,197,0.98,East Garage,277,0.96,48,0.96
2021-07-09T06:52:46-04:00,South Garage,414,0.96,144,0.96,Prospect Garage,123,0.81,90,0.9,West Garage,442,0.97,85,0.85,Central Garage,598,0.96,197,0.98,East Garage,277,0.96,48,0.96
2021-07-09T07:11:26-04:00,South Garage,412,0.96,145,0.97,Prospect Garage,122,0.81,90,0.9,West Garage,440,0.97,85,0.85,Central Garage,598,0.96,196,0.98,East Garage,277,0.96,48,0.96
2021-07-09T07:14:56-04:00,South Garage,412,0.96,145,0.97,Prospect Garage,120,0.79,90,0.9,West Garage,441,0.97,85,0.85,Central Garage,597,0.96,196,0.98,East Garage,277,0.96,48,0.96
2021-07-09T07:34:26-04:00,South Garage,410,0.95,146,0.97,Prospect Garage,118,0.78,88,0.88,West Garage,441,0.97,85,0.85,Central Garage,592,0.95,195,0.97,East Garage,276,0.95,48,0.96
2021-07-09T07:38:26-04:00,South Garage,409,0.95,146,0.97,Prospect Garage,117,0.77,88,0.88,West Garage,439,0.96,84,0.84,Central Garage,590,0.95,195,0.97,East Garage,276,0.95,48,0.96
2021-07-09T07:51:36-04:00,South Garage,406,0.94,146,0.97,Prospect Garage,114,0.75,86,0.86,West Garage,438,0.96,83,0.83,Central Garage,585,0.94,195,0.97,East Garage,271,0.93,48,0.96
2021-07-09T07:53:56-04:00,South Garage,405,0.94,146,0.97,Prospect Garage,113,0.75,86,0.86,West Garage,438,0.96,83,0.83,Central Garage,585,0.94,195,0.97,East Garage,269,0.93,48,0.96
2021-07-09T08:11:16-04:00,South Garage,402,0.93,141,0.94,Prospect Garage,103,0.68,85,0.85,West Garage,437,0.96,83,0.83,Central Garage,574,0.93,190,0.95,East Garage,264,0.91,48,0.96
2021-07-09T08:16:36-04:00,South Garage,403,0.94,139,0.93,Prospect Garage,104,0.69,84,0.84,West Garage,437,0.96,82,0.82,Central Garage,575,0.93,190,0.95,East Garage,264,0.91,48,0.96
2021-07-09T08:34:26-04:00,South Garage,397,0.92,133,0.89,Prospect Garage,101,0.67,84,0.84,West Garage,432,0.95,79,0.79,Central Garage,569,0.92,190,0.95,East Garage,257,0.89,48,0.96
2021-07-09T08:41:36-04:00,South Garage,396,0.92,129,0.86,Prospect Garage,100,0.66,83,0.83,West Garage,432,0.95,79,0.79,Central Garage,568,0.92,189,0.94,East Garage,251,0.87,47,0.94
2021-07-09T08:57:36-04:00,South Garage,387,0.9,122,0.81,Prospect Garage,99,0.66,83,0.83,West Garage,428,0.94,76,0.76,Central Garage,565,0.91,187,0.94,East Garage,246,0.85,46,0.92
2021-07-09T09:12:56-04:00,South Garage,382,0.89,121,0.81,Prospect Garage,98,0.65,83,0.83,West Garage,426,0.94,73,0.73,Central Garage,562,0.91,187,0.94,East Garage,243,0.84,46,0.92
2021-07-09T09:27:48-04:00,South Garage,379,0.88,121,0.81,Prospect Garage,99,0.66,82,0.82,West Garage,426,0.94,73,0.73,Central Garage,560,0.9,185,0.93,East Garage,237,0.82,46,0.92
2021-07-09T09:43:08-04:00,South Garage,378,0.88,119,0.79,Prospect Garage,97,0.64,80,0.8,West Garage,426,0.94,73,0.73,Central Garage,557,0.9,183,0.92,East Garage,236,0.81,45,0.9
2021-07-09T09:57:28-04:00,South Garage,379,0.88,118,0.79,Prospect Garage,97,0.64,77,0.77,West Garage,423,0.93,73,0.73,Central Garage,557,0.9,182,0.91,East Garage,235,0.81,44,0.88
2021-07-09T10:11:28-04:00,South Garage,380,0.88,118,0.79,Prospect Garage,97,0.64,76,0.76,West Garage,420,0.92,72,0.72,Central Garage,556,0.9,181,0.91,East Garage,232,0.8,44,0.88
2021-07-09T10:27:38-04:00,South Garage,381,0.89,118,0.79,Prospect Garage,98,0.65,74,0.74,West Garage,420,0.92,72,0.72,Central Garage,557,0.9,181,0.91,East Garage,230,0.79,42,0.84
2021-07-09T10:42:48-04:00,South Garage,381,0.89,118,0.79,Prospect Garage,99,0.66,74,0.74,West Garage,420,0.92,72,0.72,Central Garage,555,0.9,182,0.91,East Garage,228,0.79,42,0.84
2021-07-09T10:54:48-04:00,South Garage,381,0.89,119,0.79,Prospect Garage,99,0.66,73,0.73,West Garage,420,0.92,72,0.72,Central Garage,556,0.9,181,0.91,East Garage,227,0.78,42,0.84
2021-07-09T11:08:18-04:00,South Garage,382,0.89,122,0.81,Prospect Garage,98,0.65,71,0.71,West Garage,419,0.92,72,0.72,Central Garage,556,0.9,180,0.9,East Garage,226,0.78,42,0.84
2021-07-09T11:28:08-04:00,South Garage,380,0.88,122,0.81,Prospect Garage,98,0.65,69,0.69,West Garage,421,0.93,72,0.72,Central Garage,557,0.9,178,0.89,East Garage,226,0.78,40,0.8
2021-07-09T11:43:18-04:00,South Garage,382,0.89,125,0.83,Prospect Garage,98,0.65,68,0.68,West Garage,421,0.93,72,0.72,Central Garage,556,0.9,178,0.89,East Garage,225,0.78,41,0.82
2021-07-09T11:57:58-04:00,South Garage,385,0.9,124,0.83,Prospect Garage,99,0.66,69,0.69,West Garage,422,0.93,72,0.72,Central Garage,553,0.89,174,0.87,East Garage,224,0.77,40,0.8
2021-07-09T12:13:08-04:00,South Garage,392,0.91,123,0.82,Prospect Garage,99,0.66,72,0.72,West Garage,422,0.93,70,0.7,Central Garage,555,0.9,173,0.86,East Garage,224,0.77,37,0.74
2021-07-09T12:28:18-04:00,South Garage,393,0.91,123,0.82,Prospect Garage,100,0.66,72,0.72,West Garage,421,0.93,70,0.7,Central Garage,554,0.89,172,0.86,East Garage,225,0.78,36,0.72
2021-07-09T12:42:18-04:00,South Garage,397,0.92,122,0.81,Prospect Garage,99,0.66,71,0.71,West Garage,423,0.93,70,0.7,Central Garage,553,0.89,171,0.85,East Garage,227,0.78,35,0.7
2021-07-09T12:58:18-04:00,South Garage,397,0.92,124,0.83,Prospect Garage,101,0.67,71,0.71,West Garage,425,0.93,68,0.68,Central Garage,554,0.89,172,0.86,East Garage,226,0.78,35,0.7
2021-07-09T13:12:38-04:00,South Garage,399,0.93,126,0.84,Prospect Garage,102,0.68,73,0.73,West Garage,425,0.93,68,0.68,Central Garage,552,0.89,173,0.86,East Garage,231,0.8,34,0.68
2021-07-09T13:27:48-04:00,South Garage,399,0.93,129,0.86,Prospect Garage,101,0.67,75,0.75,West Garage,427,0.94,69,0.69,Central Garage,554,0.89,175,0.88,East Garage,233,0.8,35,0.7
2021-07-09T13:43:28-04:00,South Garage,398,0.93,130,0.87,Prospect Garage,102,0.68,75,0.75,West Garage,425,0.93,71,0.71,Central Garage,560,0.9,175,0.88,East Garage,236,0.81,34,0.68
2021-07-09T13:58:18-04:00,South Garage,398,0.93,130,0.87,Prospect Garage,102,0.68,71,0.71,West Garage,425,0.93,72,0.72,Central Garage,562,0.91,176,0.88,East Garage,242,0.83,35,0.7
2021-07-09T14:13:28-04:00,South Garage,401,0.93,130,0.87,Prospect Garage,102,0.68,70,0.7,West Garage,427,0.94,73,0.73,Central Garage,562,0.91,177,0.89,East Garage,242,0.83,34,0.68
2021-07-09T14:26:28-04:00,South Garage,402,0.93,130,0.87,Prospect Garage,101,0.67,70,0.7,West Garage,428,0.94,76,0.76,Central Garage,562,0.91,176,0.88,East Garage,247,0.85,35,0.7
2021-07-09T14:39:48-04:00,South Garage,403,0.94,130,0.87,Prospect Garage,101,0.67,70,0.7,West Garage,431,0.95,77,0.77,Central Garage,565,0.91,176,0.88,East Garage,247,0.85,35,0.7
2021-07-09T14:58:18-04:00,South Garage,406,0.94,130,0.87,Prospect Garage,101,0.67,70,0.7,West Garage,432,0.95,77,0.77,Central Garage,566,0.91,177,0.89,East Garage,247,0.85,38,0.76
2021-07-09T15:11:48-04:00,South Garage,408,0.95,131,0.87,Prospect Garage,99,0.66,70,0.7,West Garage,433,0.95,78,0.78,Central Garage,564,0.91,177,0.89,East Garage,249,0.86,41,0.82
2021-07-09T15:27:28-04:00,South Garage,409,0.95,131,0.87,Prospect Garage,98,0.65,70,0.7,West Garage,434,0.95,79,0.79,Central Garage,569,0.92,177,0.89,East Garage,250,0.86,41,0.82
2021-07-09T15:43:28-04:00,South Garage,409,0.95,130,0.87,Prospect Garage,101,0.67,74,0.74,West Garage,434,0.95,78,0.78,Central Garage,569,0.92,177,0.89,East Garage,250,0.86,42,0.84
2021-07-09T15:58:28-04:00,South Garage,407,0.95,138,0.92,Prospect Garage,103,0.68,74,0.74,West Garage,437,0.96,79,0.79,Central Garage,569,0.92,177,0.89,East Garage,255,0.88,43,0.86
2021-07-09T16:13:38-04:00,South Garage,409,0.95,141,0.94,Prospect Garage,107,0.71,76,0.76,West Garage,435,0.96,81,0.81,Central Garage,571,0.92,177,0.89,East Garage,263,0.91,41,0.82
2021-07-09T16:28:28-04:00,South Garage,411,0.96,141,0.94,Prospect Garage,109,0.72,76,0.76,West Garage,439,0.96,81,0.81,Central Garage,574,0.93,180,0.9,East Garage,266,0.92,42,0.84
2021-07-09T16:42:58-04:00,South Garage,408,0.95,138,0.92,Prospect Garage,115,0.76,76,0.76,West Garage,439,0.96,81,0.81,Central Garage,581,0.94,185,0.93,East Garage,267,0.92,44,0.88
2021-07-09T16:58:38-04:00,South Garage,409,0.95,137,0.91,Prospect Garage,117,0.77,80,0.8,West Garage,440,0.97,81,0.81,Central Garage,583,0.94,186,0.93,East Garage,271,0.93,44,0.88
2021-07-09T17:13:28-04:00,South Garage,413,0.96,136,0.91,Prospect Garage,122,0.81,83,0.83,West Garage,445,0.98,81,0.81,Central Garage,594,0.96,189,0.94,East Garage,272,0.94,45,0.9
2021-07-09T17:28:38-04:00,South Garage,415,0.97,138,0.92,Prospect Garage,128,0.85,84,0.84,West Garage,450,0.99,81,0.81,Central Garage,597,0.96,189,0.94,East Garage,276,0.95,45,0.9
2021-07-09T17:43:38-04:00,South Garage,417,0.97,136,0.91,Prospect Garage,129,0.85,84,0.84,West Garage,450,0.99,81,0.81,Central Garage,597,0.96,191,0.95,East Garage,277,0.96,44,0.88
2021-07-09T17:55:58-04:00,South Garage,417,0.97,137,0.91,Prospect Garage,129,0.85,84,0.84,West Garage,449,0.99,82,0.82,Central Garage,599,0.97,191,0.95,East Garage,277,0.96,44,0.88
2021-07-09T18:10:38-04:00,South Garage,418,0.97,137,0.91,Prospect Garage,131,0.87,84,0.84,West Garage,450,0.99,81,0.81,Central Garage,604,0.97,191,0.95,East Garage,277,0.96,43,0.86
2021-07-09T18:26:58-04:00,South Garage,417,0.97,136,0.91,Prospect Garage,130,0.86,85,0.85,West Garage,453,1.0,80,0.8,Central Garage,606,0.98,191,0.95,East Garage,277,0.96,43,0.86
2021-07-09T18:43:38-04:00,South Garage,413,0.96,133,0.89,Prospect Garage,130,0.86,85,0.85,West Garage,452,0.99,79,0.79,Central Garage,610,0.98,192,0.96,East Garage,281,0.97,43,0.86
2021-07-09T18:55:08-04:00,South Garage,413,0.96,134,0.89,Prospect Garage,130,0.86,85,0.85,West Garage,453,1.0,79,0.79,Central Garage,611,0.99,192,0.96,East Garage,283,0.98,44,0.88
2021-07-09T19:13:48-04:00,South Garage,414,0.96,138,0.92,Prospect Garage,130,0.86,85,0.85,West Garage,454,1.0,78,0.78,Central Garage,612,0.99,192,0.96,East Garage,282,0.97,44,0.88
2021-07-09T19:28:48-04:00,South Garage,414,0.96,139,0.93,Prospect Garage,129,0.85,86,0.86,West Garage,453,1.0,79,0.79,Central Garage,612,0.99,192,0.96,East Garage,282,0.97,45,0.9
2021-07-09T19:43:38-04:00,South Garage,416,0.97,139,0.93,Prospect Garage,131,0.87,86,0.86,West Garage,455,1.0,79,0.79,Central Garage,614,0.99,192,0.96,East Garage,282,0.97,45,0.9
2021-07-09T19:56:48-04:00,South Garage,419,0.97,139,0.93,Prospect Garage,132,0.87,86,0.86,West Garage,455,1.0,80,0.8,Central Garage,615,0.99,192,0.96,East Garage,283,0.98,46,0.92
2021-07-09T20:13:18-04:00,South Garage,420,0.98,139,0.93,Prospect Garage,133,0.88,85,0.85,West Garage,453,1.0,80,0.8,Central Garage,615,0.99,192,0.96,East Garage,286,0.99,47,0.94
2021-07-09T20:28:28-04:00,South Garage,421,0.98,138,0.92,Prospect Garage,132,0.87,85,0.85,West Garage,453,1.0,80,0.8,Central Garage,615,0.99,193,0.96,East Garage,286,0.99,47,0.94
2021-07-09T20:41:18-04:00,South Garage,422,0.98,137,0.91,Prospect Garage,132,0.87,85,0.85,West Garage,453,1.0,80,0.8,Central Garage,615,0.99,193,0.96,East Garage,286,0.99,47,0.94
2021-07-09T20:58:28-04:00,South Garage,422,0.98,137,0.91,Prospect Garage,132,0.87,85,0.85,West Garage,452,0.99,80,0.8,Central Garage,615,0.99,193,0.96,East Garage,286,0.99,47,0.94
2021-07-09T21:11:18-04:00,South Garage,420,0.98,137,0.91,Prospect Garage,132,0.87,85,0.85,West Garage,453,1.0,80,0.8,Central Garage,615,0.99,193,0.96,East Garage,286,0.99,47,0.94
2021-07-09T21:23:08-04:00,South Garage,420,0.98,136,0.91,Prospect Garage,132,0.87,85,0.85,West Garage,453,1.0,80,0.8,Central Garage,615,0.99,193,0.96,East Garage,286,0.99,47,0.94
2021-07-09T21:39:48-04:00,South Garage,419,0.97,136,0.91,Prospect Garage,132,0.87,85,0.85,West Garage,454,1.0,80,0.8,Central Garage,615,0.99,193,0.96,East Garage,286,0.99,47,0.94
2021-07-09T21:57:48-04:00,South Garage,419,0.97,138,0.92,Prospect Garage,131,0.87,85,0.85,West Garage,454,1.0,83,0.83,Central Garage,615,0.99,193,0.96,East Garage,286,0.99,47,0.94
2021-07-09T22:12:08-04:00,South Garage,419,0.97,139,0.93,Prospect Garage,132,0.87,85,0.85,West Garage,453,1.0,84,0.84,Central Garage,615,0.99,193,0.96,East Garage,287,0.99,47,0.94
2021-07-09T22:28:48-04:00,South Garage,421,0.98,141,0.94,Prospect Garage,131,0.87,85,0.85,West Garage,453,1.0,84,0.84,Central Garage,615,0.99,194,0.97,East Garage,288,0.99,47,0.94
2021-07-09T22:49:48-04:00,South Garage,423,0.98,144,0.96,Prospect Garage,131,0.87,85,0.85,West Garage,453,1.0,84,0.84,Central Garage,616,0.99,194,0.97,East Garage,288,0.99,47,0.94
2021-07-09T23:05:28-04:00,South Garage,423,0.98,144,0.96,Prospect Garage,132,0.87,85,0.85,West Garage,454,1.0,84,0.84,Central Garage,616,0.99,194,0.97,East Garage,288,0.99,47,0.94
2021-07-09T23:32:48-04:00,South Garage,422,0.98,144,0.96,Prospect Garage,130,0.86,85,0.85,West Garage,453,1.0,84,0.84,Central Garage,617,1.0,194,0.97,East Garage,288,0.99,47,0.94
2021-07-09T23:42:48-04:00,South Garage,422,0.98,144,0.96,Prospect Garage,130,0.86,85,0.85,West Garage,452,0.99,84,0.84,Central Garage,618,1.0,195,0.97,East Garage,288,0.99,47,0.94
2021-07-10T00:08:34-04:00,South Garage,423,0.98,144,0.96,Prospect Garage,131,0.87,85,0.85,West Garage,452,0.99,84,0.84,Central Garage,618,1.0,195,0.97,East Garage,288,0.99,47,0.94
2021-07-10T00:21:06-04:00,South Garage,423,0.98,144,0.96,Prospect Garage,131,0.87,85,0.85,West Garage,452,0.99,84,0.84,Central Garage,617,1.0,195,0.97,East Garage,288,0.99,47,0.94
2021-07-10T00:44:36-04:00,South Garage,422,0.98,144,0.96,Prospect Garage,131,0.87,85,0.85,West Garage,450,0.99,84,0.84,Central Garage,617,1.0,195,0.97,East Garage,288,0.99,47,0.94
2021-07-10T01:17:46-04:00,South Garage,421,0.98,144,0.96,Prospect Garage,130,0.86,85,0.85,West Garage,450,0.99,84,0.84,Central Garage,617,1.0,195,0.97,East Garage,288,0.99,47,0.94
2021-07-10T01:31:16-04:00,South Garage,421,0.98,144,0.96,Prospect Garage,129,0.85,85,0.85,West Garage,450,0.99,84,0.84,Central Garage,617,1.0,195,0.97,East Garage,288,0.99,47,0.94
2021-07-10T01:47:56-04:00,South Garage,421,0.98,144,0.96,Prospect Garage,130,0.86,85,0.85,West Garage,450,0.99,84,0.84,Central Garage,617,1.0,195,0.97,East Garage,288,0.99,47,0.94
2021-07-10T01:47:56-04:00,South Garage,421,0.98,144,0.96,Prospect Garage,130,0.86,85,0.85,West Garage,450,0.99,84,0.84,Central Garage,617,1.0,195,0.97,East Garage,288,0.99,47,0.94
2021-07-10T02:30:46-04:00,South Garage,421,0.98,145,0.97,Prospect Garage,130,0.86,85,0.85,West Garage,450,0.99,84,0.84,Central Garage,617,1.0,195,0.97,East Garage,288,0.99,47,0.94
2021-07-10T02:40:56-04:00,South Garage,421,0.98,145,0.97,Prospect Garage,130,0.86,85,0.85,West Garage,449,0.99,84,0.84,Central Garage,617,1.0,195,0.97,East Garage,288,0.99,47,0.94
2021-07-10T03:12:16-04:00,South Garage,420,0.98,145,0.97,Prospect Garage,130,0.86,85,0.85,West Garage,449,0.99,84,0.84,Central Garage,617,1.0,195,0.97,East Garage,288,0.99,47,0.94
2021-07-10T03:12:16-04:00,South Garage,420,0.98,145,0.97,Prospect Garage,130,0.86,85,0.85,West Garage,449,0.99,84,0.84,Central Garage,617,1.0,195,0.97,East Garage,288,0.99,47,0.94
2021-07-10T03:52:16-04:00,South Garage,420,0.98,145,0.97,Prospect Garage,130,0.86,85,0.85,West Garage,449,0.99,84,0.84,Central Garage,616,0.99,195,0.97,East Garage,287,0.99,47,0.94
2021-07-10T04:21:16-04:00,South Garage,420,0.98,145,0.97,Prospect Garage,130,0.86,85,0.85,West Garage,449,0.99,84,0.84,Central Garage,617,1.0,195,0.97,East Garage,287,0.99,47,0.94
2021-07-10T04:21:36-04:00,South Garage,420,0.98,145,0.97,Prospect Garage,130,0.86,85,0.85,West Garage,449,0.99,84,0.84,Central Garage,617,1.0,195,0.97,East Garage,288,0.99,47,0.94
2021-07-10T04:21:36-04:00,South Garage,420,0.98,145,0.97,Prospect Garage,130,0.86,85,0.85,West Garage,449,0.99,84,0.84,Central Garage,617,1.0,195,0.97,East Garage,288,0.99,47,0.94
2021-07-10T04:21:36-04:00,South Garage,420,0.98,145,0.97,Prospect Garage,130,0.86,85,0.85,West Garage,449,0.99,84,0.84,Central Garage,617,1.0,195,0.97,East Garage,288,0.99,47,0.94
2021-07-10T05:34:56-04:00,South Garage,420,0.98,145,0.97,Prospect Garage,130,0.86,85,0.85,West Garage,450,0.99,84,0.84,Central Garage,616,0.99,195,0.97,East Garage,288,0.99,47,0.94
2021-07-10T05:59:46-04:00,South Garage,419,0.97,145,0.97,Prospect Garage,130,0.86,85,0.85,West Garage,450,0.99,84,0.84,Central Garage,612,0.99,195,0.97,East Garage,288,0.99,47,0.94
2021-07-10T06:21:56-04:00,South Garage,420,0.98,145,0.97,Prospect Garage,130,0.86,84,0.84,West Garage,450,0.99,84,0.84,Central Garage,611,0.99,195,0.97,East Garage,288,0.99,47,0.94
2021-07-10T06:41:36-04:00,South Garage,420,0.98,145,0.97,Prospect Garage,131,0.87,84,0.84,West Garage,450,0.99,84,0.84,Central Garage,610,0.98,193,0.96,East Garage,288,0.99,47,0.94
2021-07-10T07:01:06-04:00,South Garage,419,0.97,145,0.97,Prospect Garage,131,0.87,84,0.84,West Garage,450,0.99,84,0.84,Central Garage,608,0.98,191,0.95,East Garage,287,0.99,47,0.94
2021-07-10T07:25:06-04:00,South Garage,419,0.97,145,0.97,Prospect Garage,131,0.87,84,0.84,West Garage,451,0.99,84,0.84,Central Garage,609,0.98,191,0.95,East Garage,287,0.99,47,0.94
2021-07-10T07:48:06-04:00,South Garage,421,0.98,144,0.96,Prospect Garage,130,0.86,84,0.84,West Garage,448,0.98,83,0.83,Central Garage,607,0.98,191,0.95,East Garage,287,0.99,47,0.94
2021-07-10T08:08:16-04:00,South Garage,421,0.98,144,0.96,Prospect Garage,130,0.86,84,0.84,West Garage,444,0.98,83,0.83,Central Garage,608,0.98,191,0.95,East Garage,286,0.99,47,0.94
2021-07-10T08:32:16-04:00,South Garage,421,0.98,144,0.96,Prospect Garage,130,0.86,84,0.84,West Garage,447,0.98,83,0.83,Central Garage,608,0.98,190,0.95,East Garage,286,0.99,47,0.94
2021-07-10T08:51:56-04:00,South Garage,420,0.98,139,0.93,Prospect Garage,130,0.86,84,0.84,West Garage,448,0.98,81,0.81,Central Garage,608,0.98,183,0.92,East Garage,286,0.99,47,0.94
2021-07-10T09:15:26-04:00,South Garage,419,0.97,135,0.9,Prospect Garage,132,0.87,83,0.83,West Garage,448,0.98,80,0.8,Central Garage,609,0.98,179,0.9,East Garage,286,0.99,47,0.94
2021-07-10T09:36:26-04:00,South Garage,419,0.97,136,0.91,Prospect Garage,131,0.87,83,0.83,West Garage,448,0.98,80,0.8,Central Garage,608,0.98,178,0.89,East Garage,285,0.98,47,0.94
2021-07-10T09:55:46-04:00,South Garage,421,0.98,136,0.91,Prospect Garage,132,0.87,83,0.83,West Garage,450,0.99,80,0.8,Central Garage,609,0.98,177,0.89,East Garage,286,0.99,47,0.94
2021-07-10T10:19:46-04:00,South Garage,424,0.99,136,0.91,Prospect Garage,133,0.88,83,0.83,West Garage,450,0.99,80,0.8,Central Garage,608,0.98,178,0.89,East Garage,283,0.98,47,0.94
2021-07-10T10:38:06-04:00,South Garage,423,0.98,136,0.91,Prospect Garage,133,0.88,83,0.83,West Garage,449,0.99,80,0.8,Central Garage,610,0.98,178,0.89,East Garage,282,0.97,45,0.9
2021-07-10T10:59:06-04:00,South Garage,425,0.99,135,0.9,Prospect Garage,133,0.88,82,0.82,West Garage,447,0.98,80,0.8,Central Garage,610,0.98,178,0.89,East Garage,281,0.97,44,0.88
2021-07-10T11:20:26-04:00,South Garage,425,0.99,135,0.9,Prospect Garage,133,0.88,83,0.83,West Garage,447,0.98,81,0.81,Central Garage,611,0.99,178,0.89,East Garage,281,0.97,44,0.88
2021-07-10T11:36:16-04:00,South Garage,426,0.99,135,0.9,Prospect Garage,133,0.88,83,0.83,West Garage,448,0.98,82,0.82,Central Garage,611,0.99,178,0.89,East Garage,282,0.97,44,0.88
2021-07-10T12:02:36-04:00,South Garage,426,0.99,136,0.91,Prospect Garage,134,0.89,83,0.83,West Garage,446,0.98,82,0.82,Central Garage,611,0.99,179,0.9,East Garage,281,0.97,44,0.88
2021-07-10T12:22:06-04:00,South Garage,427,0.99,136,0.91,Prospect Garage,134,0.89,83,0.83,West Garage,447,0.98,81,0.81,Central Garage,610,0.98,179,0.9,East Garage,283,0.98,45,0.9
2021-07-10T12:38:56-04:00,South Garage,428,1.0,136,0.91,Prospect Garage,134,0.89,83,0.83,West Garage,447,0.98,81,0.81,Central Garage,612,0.99,179,0.9,East Garage,285,0.98,46,0.92
2021-07-10T13:03:06-04:00,South Garage,428,1.0,135,0.9,Prospect Garage,134,0.89,83,0.83,West Garage,447,0.98,83,0.83,Central Garage,611,0.99,180,0.9,East Garage,284,0.98,47,0.94
2021-07-10T13:22:26-04:00,South Garage,429,1.0,135,0.9,Prospect Garage,134,0.89,84,0.84,West Garage,447,0.98,82,0.82,Central Garage,611,0.99,179,0.9,East Garage,284,0.98,47,0.94
2021-07-10T13:44:16-04:00,South Garage,430,1.0,135,0.9,Prospect Garage,132,0.87,84,0.84,West Garage,450,0.99,83,0.83,Central Garage,609,0.98,178,0.89,East Garage,284,0.98,47,0.94
2021-07-10T14:03:56-04:00,South Garage,430,1.0,134,0.89,Prospect Garage,132,0.87,84,0.84,West Garage,451,0.99,83,0.83,Central Garage,608,0.98,177,0.89,East Garage,284,0.98,46,0.92
2021-07-10T14:22:36-04:00,South Garage,430,1.0,134,0.89,Prospect Garage,132,0.87,84,0.84,West Garage,451,0.99,83,0.83,Central Garage,609,0.98,177,0.89,East Garage,284,0.98,45,0.9
2021-07-10T14:44:26-04:00,South Garage,430,1.0,134,0.89,Prospect Garage,134,0.89,84,0.84,West Garage,450,0.99,82,0.82,Central Garage,610,0.98,176,0.88,East Garage,284,0.98,45,0.9
2021-07-10T15:06:56-04:00,South Garage,428,1.0,134,0.89,Prospect Garage,134,0.89,84,0.84,West Garage,451,0.99,82,0.82,Central Garage,608,0.98,177,0.89,East Garage,284,0.98,45,0.9
2021-07-10T15:32:26-04:00,South Garage,426,0.99,133,0.89,Prospect Garage,138,0.91,84,0.84,West Garage,450,0.99,83,0.83,Central Garage,607,0.98,178,0.89,East Garage,284,0.98,45,0.9
2021-07-10T15:59:56-04:00,South Garage,427,0.99,136,0.91,Prospect Garage,138,0.91,84,0.84,West Garage,450,0.99,83,0.83,Central Garage,609,0.98,178,0.89,East Garage,284,0.98,46,0.92
2021-07-10T16:20:36-04:00,South Garage,424,0.99,140,0.93,Prospect Garage,136,0.9,84,0.84,West Garage,451,0.99,83,0.83,Central Garage,609,0.98,178,0.89,East Garage,285,0.98,46,0.92
2021-07-10T16:42:36-04:00,South Garage,423,0.98,138,0.92,Prospect Garage,136,0.9,84,0.84,West Garage,452,0.99,77,0.77,Central Garage,611,0.99,186,0.93,East Garage,287,0.99,47,0.94
2021-07-10T17:06:56-04:00,South Garage,422,0.98,134,0.89,Prospect Garage,137,0.91,84,0.84,West Garage,453,1.0,76,0.76,Central Garage,610,0.98,188,0.94,East Garage,288,0.99,47,0.94
2021-07-10T17:33:16-04:00,South Garage,424,0.99,133,0.89,Prospect Garage,137,0.91,84,0.84,West Garage,453,1.0,74,0.74,Central Garage,612,0.99,188,0.94,East Garage,288,0.99,47,0.94
2021-07-10T17:57:46-04:00,South Garage,423,0.98,130,0.87,Prospect Garage,137,0.91,84,0.84,West Garage,453,1.0,72,0.72,Central Garage,613,0.99,188,0.94,East Garage,287,0.99,47,0.94
2021-07-10T18:21:46-04:00,South Garage,422,0.98,130,0.87,Prospect Garage,138,0.91,84,0.84,West Garage,451,0.99,72,0.72,Central Garage,613,0.99,188,0.94,East Garage,287,0.99,47,0.94
2021-07-10T18:39:27-04:00,South Garage,422,0.98,130,0.87,Prospect Garage,139,0.92,84,0.84,West Garage,450,0.99,72,0.72,Central Garage,614,0.99,188,0.94,East Garage,287,0.99,47,0.94
2021-07-11T04:19:12-04:00,South Garage,425,0.99,140,0.93,Prospect Garage,130,0.86,85,0.85,West Garage,451,0.99,85,0.85,Central Garage,618,1.0,190,0.95,East Garage,288,0.99,47,0.94
2021-07-11T05:09:22-04:00,South Garage,425,0.99,140,0.93,Prospect Garage,130,0.86,85,0.85,West Garage,451,0.99,85,0.85,Central Garage,618,1.0,190,0.95,East Garage,287,0.99,47,0.94
2021-07-11T05:41:12-04:00,South Garage,425,0.99,140,0.93,Prospect Garage,130,0.86,85,0.85,West Garage,451,0.99,85,0.85,Central Garage,617,1.0,190,0.95,East Garage,287,0.99,47,0.94
2021-07-11T06:03:32-04:00,South Garage,425,0.99,140,0.93,Prospect Garage,130,0.86,85,0.85,West Garage,451,0.99,85,0.85,Central Garage,613,0.99,190,0.95,East Garage,288,0.99,47,0.94
2021-07-11T06:31:32-04:00,South Garage,425,0.99,140,0.93,Prospect Garage,131,0.87,85,0.85,West Garage,452,0.99,85,0.85,Central Garage,613,0.99,190,0.95,East Garage,289,1.0,47,0.94
2021-07-11T06:57:32-04:00,South Garage,424,0.99,140,0.93,Prospect Garage,132,0.87,85,0.85,West Garage,452,0.99,85,0.85,Central Garage,612,0.99,190,0.95,East Garage,289,1.0,47,0.94
2021-07-11T07:08:32-04:00,South Garage,424,0.99,140,0.93,Prospect Garage,132,0.87,85,0.85,West Garage,452,0.99,85,0.85,Central Garage,612,0.99,190,0.95,East Garage,288,0.99,47,0.94
2021-07-11T07:46:52-04:00,South Garage,424,0.99,140,0.93,Prospect Garage,132,0.87,85,0.85,West Garage,452,0.99,85,0.85,Central Garage,612,0.99,190,0.95,East Garage,288,0.99,47,0.94
2021-07-11T08:08:52-04:00,South Garage,424,0.99,140,0.93,Prospect Garage,131,0.87,85,0.85,West Garage,452,0.99,85,0.85,Central Garage,612,0.99,190,0.95,East Garage,288,0.99,47,0.94
2021-07-11T08:28:22-04:00,South Garage,423,0.98,140,0.93,Prospect Garage,132,0.87,85,0.85,West Garage,453,1.0,85,0.85,Central Garage,612,0.99,190,0.95,East Garage,287,0.99,47,0.94
2021-07-11T08:44:12-04:00,South Garage,423,0.98,140,0.93,Prospect Garage,133,0.88,84,0.84,West Garage,453,1.0,85,0.85,Central Garage,612,0.99,190,0.95,East Garage,287,0.99,47,0.94
2021-07-11T09:13:02-04:00,South Garage,423,0.98,142,0.95,Prospect Garage,133,0.88,84,0.84,West Garage,454,1.0,85,0.85,Central Garage,612,0.99,190,0.95,East Garage,288,0.99,46,0.92
2021-07-11T09:36:22-04:00,South Garage,421,0.98,142,0.95,Prospect Garage,132,0.87,84,0.84,West Garage,455,1.0,85,0.85,Central Garage,612,0.99,190,0.95,East Garage,285,0.98,46,0.92
2021-07-11T09:50:02-04:00,South Garage,421,0.98,142,0.95,Prospect Garage,132,0.87,84,0.84,West Garage,455,1.0,85,0.85,Central Garage,613,0.99,189,0.94,East Garage,284,0.98,46,0.92
2021-07-11T10:13:32-04:00,South Garage,420,0.98,142,0.95,Prospect Garage,132,0.87,84,0.84,West Garage,455,1.0,85,0.85,Central Garage,612,0.99,188,0.94,East Garage,283,0.98,45,0.9
2021-07-11T10:35:02-04:00,South Garage,420,0.98,142,0.95,Prospect Garage,132,0.87,83,0.83,West Garage,453,1.0,84,0.84,Central Garage,614,0.99,187,0.94,East Garage,283,0.98,45,0.9
2021-07-11T10:59:12-04:00,South Garage,421,0.98,142,0.95,Prospect Garage,132,0.87,83,0.83,West Garage,454,1.0,84,0.84,Central Garage,613,0.99,187,0.94,East Garage,283,0.98,44,0.88
2021-07-11T11:17:12-04:00,South Garage,421,0.98,143,0.95,Prospect Garage,133,0.88,83,0.83,West Garage,454,1.0,84,0.84,Central Garage,614,0.99,187,0.94,East Garage,280,0.97,43,0.86
2021-07-11T11:45:02-04:00,South Garage,422,0.98,143,0.95,Prospect Garage,134,0.89,84,0.84,West Garage,454,1.0,84,0.84,Central Garage,614,0.99,188,0.94,East Garage,281,0.97,44,0.88
2021-07-11T12:09:02-04:00,South Garage,424,0.99,143,0.95,Prospect Garage,135,0.89,83,0.83,West Garage,454,1.0,84,0.84,Central Garage,613,0.99,188,0.94,East Garage,281,0.97,43,0.86
2021-07-11T12:35:22-04:00,South Garage,427,0.99,143,0.95,Prospect Garage,135,0.89,83,0.83,West Garage,454,1.0,80,0.8,Central Garage,612,0.99,187,0.94,East Garage,282,0.97,43,0.86
2021-07-11T12:54:52-04:00,South Garage,427,0.99,143,0.95,Prospect Garage,136,0.9,84,0.84,West Garage,454,1.0,79,0.79,Central Garage,612,0.99,187,0.94,East Garage,281,0.97,44,0.88
2021-07-11T13:23:42-04:00,South Garage,426,0.99,143,0.95,Prospect Garage,136,0.9,84,0.84,West Garage,453,1.0,79,0.79,Central Garage,612,0.99,187,0.94,East Garage,281,0.97,44,0.88
2021-07-11T13:42:42-04:00,South Garage,425,0.99,143,0.95,Prospect Garage,136,0.9,84,0.84,West Garage,454,1.0,79,0.79,Central Garage,612,0.99,187,0.94,East Garage,282,0.97,45,0.9
2021-07-11T14:07:22-04:00,South Garage,427,0.99,143,0.95,Prospect Garage,134,0.89,84,0.84,West Garage,454,1.0,79,0.79,Central Garage,612,0.99,188,0.94,East Garage,283,0.98,46,0.92
2021-07-11T14:30:42-04:00,South Garage,428,1.0,141,0.94,Prospect Garage,134,0.89,84,0.84,West Garage,454,1.0,79,0.79,Central Garage,614,0.99,188,0.94,East Garage,283,0.98,46,0.92
2021-07-11T14:53:22-04:00,South Garage,426,0.99,141,0.94,Prospect Garage,134,0.89,83,0.83,West Garage,454,1.0,81,0.81,Central Garage,614,0.99,189,0.94,East Garage,284,0.98,46,0.92
2021-07-11T15:13:02-04:00,South Garage,426,0.99,141,0.94,Prospect Garage,134,0.89,83,0.83,West Garage,454,1.0,81,0.81,Central Garage,615,0.99,189,0.94,East Garage,284,0.98,47,0.94
2021-07-11T15:37:32-04:00,South Garage,427,0.99,143,0.95,Prospect Garage,135,0.89,83,0.83,West Garage,454,1.0,83,0.83,Central Garage,615,0.99,189,0.94,East Garage,284,0.98,47,0.94
2021-07-11T16:03:52-04:00,South Garage,427,0.99,143,0.95,Prospect Garage,136,0.9,83,0.83,West Garage,454,1.0,83,0.83,Central Garage,613,0.99,189,0.94,East Garage,284,0.98,47,0.94
2021-07-11T16:28:42-04:00,South Garage,427,0.99,143,0.95,Prospect Garage,135,0.89,83,0.83,West Garage,455,1.0,83,0.83,Central Garage,613,0.99,190,0.95,East Garage,285,0.98,47,0.94
2021-07-11T16:54:22-04:00,South Garage,428,1.0,144,0.96,Prospect Garage,135,0.89,83,0.83,West Garage,455,1.0,83,0.83,Central Garage,615,0.99,190,0.95,East Garage,288,0.99,47,0.94
2021-07-11T17:18:32-04:00,South Garage,405,0.94,145,0.97,Prospect Garage,142,0.94,98,0.98,West Garage,445,0.98,98,0.98,Central Garage,614,0.99,197,0.98,East Garage,286,0.99,50,1.0
2021-07-11T17:42:42-04:00,South Garage,405,0.94,145,0.97,Prospect Garage,142,0.94,97,0.97,West Garage,443,0.97,97,0.97,Central Garage,614,0.99,197,0.98,East Garage,287,0.99,49,0.98
2021-07-11T18:06:52-04:00,South Garage,405,0.94,145,0.97,Prospect Garage,142,0.94,96,0.96,West Garage,445,0.98,97,0.97,Central Garage,614,0.99,197,0.98,East Garage,287,0.99,49,0.98
2021-07-11T18:28:22-04:00,South Garage,402,0.93,145,0.97,Prospect Garage,141,0.93,96,0.96,West Garage,443,0.97,96,0.96,Central Garage,614,0.99,197,0.98,East Garage,287,0.99,49,0.98
2021-07-11T18:54:52-04:00,South Garage,401,0.93,145,0.97,Prospect Garage,141,0.93,97,0.97,West Garage,444,0.98,96,0.96,Central Garage,615,0.99,197,0.98,East Garage,287,0.99,49,0.98
2021-07-11T19:11:12-04:00,South Garage,403,0.94,145,0.97,Prospect Garage,140,0.93,97,0.97,West Garage,444,0.98,96,0.96,Central Garage,615,0.99,197,0.98,East Garage,287,0.99,49,0.98
2021-07-11T19:38:42-04:00,South Garage,403,0.94,145,0.97,Prospect Garage,140,0.93,97,0.97,West Garage,444,0.98,96,0.96,Central Garage,615,0.99,197,0.98,East Garage,286,0.99,50,1.0
2021-07-11T20:04:02-04:00,South Garage,406,0.94,145,0.97,Prospect Garage,140,0.93,97,0.97,West Garage,440,0.97,97,0.97,Central Garage,616,0.99,197,0.98,East Garage,286,0.99,50,1.0
2021-07-11T20:28:42-04:00,South Garage,406,0.94,145,0.97,Prospect Garage,140,0.93,97,0.97,West Garage,440,0.97,99,0.99,Central Garage,616,0.99,197,0.98,East Garage,286,0.99,50,1.0
2021-07-11T20:49:42-04:00,South Garage,405,0.94,145,0.97,Prospect Garage,141,0.93,97,0.97,West Garage,440,0.97,99,0.99,Central Garage,616,0.99,197,0.98,East Garage,287,0.99,50,1.0
2021-07-11T21:16:32-04:00,South Garage,405,0.94,145,0.97,Prospect Garage,138,0.91,97,0.97,West Garage,439,0.96,99,0.99,Central Garage,614,0.99,197,0.98,East Garage,288,0.99,50,1.0
2021-07-11T21:38:32-04:00,South Garage,405,0.94,145,0.97,Prospect Garage,136,0.9,97,0.97,West Garage,438,0.96,99,0.99,Central Garage,615,0.99,197,0.98,East Garage,288,0.99,50,1.0
2021-07-11T22:01:12-04:00,South Garage,405,0.94,145,0.97,Prospect Garage,135,0.89,97,0.97,West Garage,437,0.96,99,0.99,Central Garage,615,0.99,197,0.98,East Garage,288,0.99,50,1.0
2021-07-11T22:23:02-04:00,South Garage,404,0.94,145,0.97,Prospect Garage,135,0.89,97,0.97,West Garage,435,0.96,99,0.99,Central Garage,615,0.99,197,0.98,East Garage,288,0.99,50,1.0
2021-07-11T22:44:42-04:00,South Garage,403,0.94,145,0.97,Prospect Garage,135,0.89,97,0.97,West Garage,434,0.95,99,0.99,Central Garage,615,0.99,197,0.98,East Garage,288,0.99,50,1.0
2021-07-11T23:12:42-04:00,South Garage,402,0.93,145,0.97,Prospect Garage,134,0.89,97,0.97,West Garage,434,0.95,99,0.99,Central Garage,614,0.99,197,0.98,East Garage,288,0.99,50,1.0
2021-07-11T23:31:32-04:00,South Garage,402,0.93,144,0.96,Prospect Garage,136,0.9,97,0.97,West Garage,434,0.95,99,0.99,Central Garage,615,0.99,197,0.98,East Garage,288,0.99,50,1.0
2021-07-11T23:52:12-04:00,South Garage,402,0.93,143,0.95,Prospect Garage,135,0.89,97,0.97,West Garage,434,0.95,99,0.99,Central Garage,615,0.99,197,0.98,East Garage,288,0.99,50,1.0
2021-07-12T00:02:24-04:00,South Garage,402,0.93,143,0.95,Prospect Garage,135,0.89,97,0.97,West Garage,434,0.95,99,0.99,Central Garage,614,0.99,197,0.98,East Garage,288,0.99,50,1.0
2021-07-12T00:47:28-04:00,South Garage,401,0.93,143,0.95,Prospect Garage,135,0.89,97,0.97,West Garage,434,0.95,99,0.99,Central Garage,614,0.99,197,0.98,East Garage,288,0.99,50,1.0
2021-07-11T23:52:12-04:00,South Garage,401,0.93,143,0.95,Prospect Garage,136,0.9,97,0.97,West Garage,434,0.95,99,0.99,Central Garage,614,0.99,197,0.98,East Garage,288,0.99,50,1.0
2021-07-11T23:52:12-04:00,South Garage,401,0.93,143,0.95,Prospect Garage,136,0.9,97,0.97,West Garage,434,0.95,99,0.99,Central Garage,614,0.99,197,0.98,East Garage,288,0.99,50,1.0
2021-07-12T01:51:58-04:00,South Garage,401,0.93,143,0.95,Prospect Garage,134,0.89,97,0.97,West Garage,434,0.95,99,0.99,Central Garage,614,0.99,197,0.98,East Garage,288,0.99,50,1.0
2021-07-12T01:51:58-04:00,South Garage,401,0.93,143,0.95,Prospect Garage,134,0.89,97,0.97,West Garage,434,0.95,99,0.99,Central Garage,614,0.99,197,0.98,East Garage,288,0.99,50,1.0
2021-07-12T01:51:58-04:00,South Garage,401,0.93,143,0.95,Prospect Garage,134,0.89,97,0.97,West Garage,434,0.95,99,0.99,Central Garage,614,0.99,197,0.98,East Garage,288,0.99,50,1.0
2021-07-12T02:54:28-04:00,South Garage,401,0.93,143,0.95,Prospect Garage,134,0.89,97,0.97,West Garage,434,0.95,99,0.99,Central Garage,613,0.99,197,0.98,East Garage,287,0.99,50,1.0
2021-07-12T03:11:38-04:00,South Garage,400,0.93,143,0.95,Prospect Garage,134,0.89,97,0.97,West Garage,434,0.95,99,0.99,Central Garage,613,0.99,197,0.98,East Garage,287,0.99,50,1.0
2021-07-12T03:11:38-04:00,South Garage,400,0.93,143,0.95,Prospect Garage,134,0.89,97,0.97,West Garage,434,0.95,99,0.99,Central Garage,613,0.99,197,0.98,East Garage,287,0.99,50,1.0
2021-07-12T03:48:38-04:00,South Garage,401,0.93,143,0.95,Prospect Garage,134,0.89,97,0.97,West Garage,434,0.95,99,0.99,Central Garage,613,0.99,197,0.98,East Garage,287,0.99,50,1.0
2021-07-12T04:17:08-04:00,South Garage,401,0.93,143,0.95,Prospect Garage,134,0.89,97,0.97,West Garage,434,0.95,99,0.99,Central Garage,613,0.99,197,0.98,East Garage,286,0.99,50,1.0
2021-07-12T04:42:28-04:00,South Garage,401,0.93,143,0.95,Prospect Garage,134,0.89,97,0.97,West Garage,434,0.95,99,0.99,Central Garage,613,0.99,197,0.98,East Garage,285,0.98,50,1.0
2021-07-12T04:56:38-04:00,South Garage,401,0.93,143,0.95,Prospect Garage,134,0.89,97,0.97,West Garage,434,0.95,99,0.99,Central Garage,612,0.99,197,0.98,East Garage,286,0.99,50,1.0
2021-07-12T05:22:48-04:00,South Garage,401,0.93,143,0.95,Prospect Garage,134,0.89,97,0.97,West Garage,431,0.95,99,0.99,Central Garage,610,0.98,197,0.98,East Garage,285,0.98,50,1.0
2021-07-12T05:40:08-04:00,South Garage,399,0.93,143,0.95,Prospect Garage,134,0.89,97,0.97,West Garage,433,0.95,99,0.99,Central Garage,611,0.99,197,0.98,East Garage,284,0.98,50,1.0
2021-07-12T06:00:48-04:00,South Garage,401,0.93,143,0.95,Prospect Garage,134,0.89,97,0.97,West Garage,433,0.95,99,0.99,Central Garage,610,0.98,197,0.98,East Garage,282,0.97,50,1.0
2021-07-12T06:25:08-04:00,South Garage,400,0.93,143,0.95,Prospect Garage,135,0.89,97,0.97,West Garage,433,0.95,99,0.99,Central Garage,605,0.98,197,0.98,East Garage,281,0.97,50,1.0
2021-07-12T06:46:18-04:00,South Garage,402,0.93,143,0.95,Prospect Garage,133,0.88,97,0.97,West Garage,433,0.95,99,0.99,Central Garage,605,0.98,196,0.98,East Garage,281,0.97,50,1.0
2021-07-12T07:06:16-04:00,South Garage,400,0.93,144,0.96,Prospect Garage,132,0.87,97,0.97,West Garage,433,0.95,98,0.98,Central Garage,599,0.97,195,0.97,East Garage,279,0.96,50,1.0
2021-07-12T07:26:26-04:00,South Garage,400,0.93,144,0.96,Prospect Garage,123,0.81,96,0.96,West Garage,431,0.95,98,0.98,Central Garage,590,0.95,192,0.96,East Garage,279,0.96,49,0.98
2021-07-12T07:47:46-04:00,South Garage,394,0.92,144,0.96,Prospect Garage,112,0.74,94,0.94,West Garage,430,0.95,96,0.96,Central Garage,576,0.93,189,0.94,East Garage,273,0.94,49,0.98
2021-07-12T08:07:56-04:00,South Garage,382,0.89,143,0.95,Prospect Garage,105,0.7,88,0.88,West Garage,429,0.94,92,0.92,Central Garage,547,0.88,185,0.93,East Garage,266,0.92,49,0.98
2021-07-12T08:26:46-04:00,South Garage,377,0.88,142,0.95,Prospect Garage,94,0.62,86,0.86,West Garage,424,0.93,89,0.89,Central Garage,534,0.86,181,0.91,East Garage,257,0.89,45,0.9
2021-07-12T08:46:56-04:00,South Garage,370,0.86,142,0.95,Prospect Garage,90,0.6,83,0.83,West Garage,421,0.93,86,0.86,Central Garage,521,0.84,177,0.89,East Garage,242,0.83,39,0.78
2021-07-12T09:07:36-04:00,South Garage,366,0.85,142,0.95,Prospect Garage,91,0.6,79,0.79,West Garage,412,0.91,83,0.83,Central Garage,508,0.82,174,0.87,East Garage,234,0.81,36,0.72
2021-07-12T09:24:16-04:00,South Garage,362,0.84,140,0.93,Prospect Garage,91,0.6,78,0.78,West Garage,408,0.9,81,0.81,Central Garage,503,0.81,172,0.86,East Garage,225,0.78,33,0.66
2021-07-12T09:39:06-04:00,South Garage,362,0.84,139,0.93,Prospect Garage,89,0.59,77,0.77,West Garage,406,0.89,79,0.79,Central Garage,498,0.8,171,0.85,East Garage,220,0.76,27,0.54
